チーム,年,選手名,左右,試合数,打席,打数,得点,安打,二塁打,三塁打,本塁打,塁打,打点,盗塁,盗塁刺,犠打,犠飛,四球,故意四球,死球,三振,併殺打
日本ハム,2017,淺間　大基,左打ち,19,44,42,2,7,3,0,0,10,3,1,0,0,0,2,0,0,17,1
日本ハム,2017,新垣　勇人,右打ち,1,0,0,0,0,0,0,0,0,0,0,0,0,0,0,0,0,0,0
日本ハム,2017,有原　航平,右打ち,25,4,4,1,1,0,0,0,1,0,0,0,0,0,0,0,0,2,0
日本ハム,2017,飯山　裕志,右打ち,10,4,4,0,0,0,0,0,0,0,0,0,0,0,0,0,0,2,0
日本ハム,2017,井口　和朋,右打ち,17,0,0,0,0,0,0,0,0,0,0,0,0,0,0,0,0,0,0
日本ハム,2017,石井　一成,左打ち,114,361,317,33,65,8,2,3,86,24,3,5,14,1,28,0,1,113,6
日本ハム,2017,石井　裕也,左打ち,8,0,0,0,0,0,0,0,0,0,0,0,0,0,0,0,0,0,0
日本ハム,2017,石川　直也,右打ち,37,0,0,0,0,0,0,0,0,0,0,0,0,0,0,0,0,0,0
日本ハム,2017,市川　友也,右打ち,57,154,135,12,23,7,0,1,33,8,0,0,8,1,6,0,4,32,3
日本ハム,2017,今井　順之助,左打ち,1,4,4,0,1,0,0,0,1,1,0,0,0,0,0,0,0,1,0
日本ハム,2017,上原　健太,左打ち,9,0,0,0,0,0,0,0,0,0,0,0,0,0,0,0,0,0,0
日本ハム,2017,浦野　博司,右打ち,7,0,0,0,0,0,0,0,0,0,0,0,0,0,0,0,0,0,0
日本ハム,2017,上沢　直之,右打ち,15,3,2,0,0,0,0,0,0,0,0,0,1,0,0,0,0,1,0
日本ハム,2017,エスコバー,左打ち,14,0,0,0,0,0,0,0,0,0,0,0,0,0,0,0,0,0,0
日本ハム,2017,榎下　陽大,右打ち,8,0,0,0,0,0,0,0,0,0,0,0,0,0,0,0,0,0,0
日本ハム,2017,太田　賢吾,左打ち,40,88,82,9,14,2,1,1,21,6,0,0,4,0,2,0,0,21,1
日本ハム,2017,大田　泰示,右打ち,118,457,427,41,110,21,1,15,178,46,5,2,0,2,28,0,0,88,14
日本ハム,2017,大谷　翔平,左打ち,65,231,202,24,67,16,1,8,109,31,0,1,0,3,24,0,2,63,0
日本ハム,2017,大野　奨太,右打ち,83,183,154,13,34,5,0,3,48,13,0,1,8,1,16,0,4,30,1
日本ハム,2017,大累　進,右打ち,13,2,2,3,0,0,0,0,0,0,0,0,0,0,0,0,0,1,0
日本ハム,2017,岡　大海,右打ち,60,132,124,15,21,4,1,0,27,7,6,2,3,1,4,0,0,34,4
日本ハム,2017,鍵谷　陽平,右打ち,60,0,0,0,0,0,0,0,0,0,0,0,0,0,0,0,0,0,0
日本ハム,2017,加藤　貴之,左打ち,21,2,1,0,0,0,0,0,0,0,0,0,1,0,0,0,0,1,0
日本ハム,2017,岸里　亮佑,左打ち,7,14,14,1,2,1,0,0,3,0,0,0,0,0,0,0,0,3,0
日本ハム,2017,公文　克彦,左打ち,41,0,0,0,0,0,0,0,0,0,0,0,0,0,0,0,0,0,0
日本ハム,2017,黒羽根　利規,右打ち,19,30,29,1,8,2,0,0,10,1,0,0,1,0,0,0,0,6,0
日本ハム,2017,郡　拓也,右打ち,1,1,1,0,0,0,0,0,0,0,0,0,0,0,0,0,0,1,0
日本ハム,2017,近藤　健介,左打ち,57,231,167,32,69,15,0,3,93,29,3,0,0,2,60,0,2,27,3
日本ハム,2017,斎藤　佑樹,右打ち,6,1,0,0,0,0,0,0,0,0,0,0,0,0,1,0,0,0,0
日本ハム,2017,清水　優心,右打ち,61,120,111,7,22,4,0,1,29,10,0,0,3,1,5,0,0,35,4
日本ハム,2017,杉谷　拳士,左右打ち,35,85,75,5,11,2,1,0,15,3,1,0,5,0,5,0,0,20,1
日本ハム,2017,高梨　裕稔,右打ち,22,5,4,0,0,0,0,0,0,0,0,0,1,0,0,0,0,2,0
日本ハム,2017,髙濱　祐仁,右打ち,3,12,11,0,2,0,0,0,2,0,0,0,0,0,1,0,0,5,0
日本ハム,2017,武田　久,左打ち,7,0,0,0,0,0,0,0,0,0,0,0,0,0,0,0,0,0,0
日本ハム,2017,田中　賢介,左打ち,107,349,314,22,79,6,1,2,93,18,11,4,0,0,35,1,0,36,4
日本ハム,2017,田中　豊樹,右打ち,19,0,0,0,0,0,0,0,0,0,0,0,0,0,0,0,0,0,0
日本ハム,2017,谷元　圭介,右打ち,36,0,0,0,0,0,0,0,0,0,0,0,0,0,0,0,0,0,0
日本ハム,2017,玉井　大翔,右打ち,24,0,0,0,0,0,0,0,0,0,0,0,0,0,0,0,0,0,0
日本ハム,2017,ドレイク,右打ち,35,86,82,4,19,2,0,1,24,3,0,0,0,0,3,0,1,22,2
日本ハム,2017,中島　卓也,左打ち,91,331,283,26,59,1,2,1,67,13,11,3,25,0,23,0,0,80,2
日本ハム,2017,中田　翔,右打ち,129,542,472,56,102,23,0,16,173,67,0,1,0,4,61,0,5,103,14
日本ハム,2017,中村　勝,右打ち,2,0,0,0,0,0,0,0,0,0,0,0,0,0,0,0,0,0,0
日本ハム,2017,西川　遥輝,左打ち,138,623,541,82,160,26,6,9,225,44,39,5,6,3,69,0,4,103,6
日本ハム,2017,白村　明弘,左打ち,24,0,0,0,0,0,0,0,0,0,0,0,0,0,0,0,0,0,0
日本ハム,2017,平沼　翔太,左打ち,4,8,8,0,0,0,0,0,0,0,0,0,0,0,0,0,0,1,0
日本ハム,2017,堀　瑞輝,左打ち,4,0,0,0,0,0,0,0,0,0,0,0,0,0,0,0,0,0,0
日本ハム,2017,マーティン,右打ち,40,0,0,0,0,0,0,0,0,0,0,0,0,0,0,0,0,0,0
日本ハム,2017,増井　浩俊,右打ち,52,0,0,0,0,0,0,0,0,0,0,0,0,0,0,0,0,0,0
日本ハム,2017,松本　剛,右打ち,115,448,402,46,110,17,0,5,142,33,6,3,21,1,21,1,3,61,7
日本ハム,2017,宮西　尚生,左打ち,51,0,0,0,0,0,0,0,0,0,0,0,0,0,0,0,0,0,0
日本ハム,2017,村田　透,左打ち,15,1,1,0,0,0,0,0,0,0,0,0,0,0,0,0,0,1,0
日本ハム,2017,メンドーサ,右打ち,20,3,3,0,0,0,0,0,0,0,0,0,0,0,0,0,0,2,0
日本ハム,2017,森本　龍弥,右打ち,5,10,9,0,1,0,0,0,1,0,0,0,0,0,0,0,1,3,1
日本ハム,2017,森山　恵佑,左打ち,5,12,11,0,0,0,0,0,0,0,0,0,0,0,1,0,0,9,0
日本ハム,2017,矢野　謙次,右打ち,44,49,44,0,9,2,0,0,11,10,0,0,0,0,5,0,0,13,1
日本ハム,2017,横尾　俊建,右打ち,50,149,134,14,32,3,0,7,56,20,0,0,0,1,11,0,3,45,2
日本ハム,2017,吉田　侑樹,右打ち,5,0,0,0,0,0,0,0,0,0,0,0,0,0,0,0,0,0,0
日本ハム,2017,レアード,右打ち,137,571,503,56,115,18,1,32,231,90,0,0,0,7,54,0,7,125,18
日本ハム,2017,渡邉　諒,右打ち,22,35,30,4,4,1,1,0,7,2,0,0,2,0,3,0,0,13,0
ソフトバンク,2017,明石　健志,左打ち,103,339,290,37,81,10,3,1,100,23,5,6,15,3,30,1,1,57,3
ソフトバンク,2017,斐紹,左打ち,1,2,2,0,1,0,0,0,1,0,0,0,0,0,0,0,0,0,0
ソフトバンク,2017,飯田　優也,左打ち,19,0,0,0,0,0,0,0,0,0,0,0,0,0,0,0,0,0,0
ソフトバンク,2017,五十嵐　亮太,右打ち,46,1,1,0,0,0,0,0,0,0,0,0,0,0,0,0,0,0,0
ソフトバンク,2017,石川　柊太,右打ち,34,2,2,0,0,0,0,0,0,0,0,0,0,0,0,0,0,2,0
ソフトバンク,2017,今宮　健太,右打ち,141,623,526,78,139,27,7,14,222,64,15,4,52,3,38,0,4,93,12
ソフトバンク,2017,岩嵜　翔,右打ち,72,1,1,0,0,0,0,0,0,0,0,0,0,0,0,0,0,1,0
ソフトバンク,2017,上林　誠知,左打ち,134,453,415,54,108,23,5,13,180,51,12,12,10,2,24,2,2,96,3
ソフトバンク,2017,内川　聖一,右打ち,73,300,266,31,79,13,0,12,128,50,0,1,0,2,32,0,0,26,9
ソフトバンク,2017,江川　智晃,右打ち,32,71,67,6,12,3,0,1,18,5,0,0,1,0,2,0,1,20,0
ソフトバンク,2017,大隣　憲司,左打ち,1,0,0,0,0,0,0,0,0,0,0,0,0,0,0,0,0,0,0
ソフトバンク,2017,岡本　健,右打ち,14,1,1,0,0,0,0,0,0,0,0,0,0,0,0,0,0,1,0
ソフトバンク,2017,甲斐　拓也,右打ち,103,257,207,30,48,8,3,5,77,18,4,0,22,0,26,1,2,68,2
ソフトバンク,2017,笠原　大芽,右打ち,6,0,0,0,0,0,0,0,0,0,0,0,0,0,0,0,0,0,0
ソフトバンク,2017,笠谷　俊介,左打ち,3,0,0,0,0,0,0,0,0,0,0,0,0,0,0,0,0,0,0
ソフトバンク,2017,加治屋　蓮,右打ち,2,0,0,0,0,0,0,0,0,0,0,0,0,0,0,0,0,0,0
ソフトバンク,2017,釜元　豪,左打ち,2,1,1,0,0,0,0,0,0,0,0,0,0,0,0,0,0,1,0
ソフトバンク,2017,嘉弥真　新也,左打ち,58,1,1,0,0,0,0,0,0,0,0,0,0,0,0,0,0,1,0
ソフトバンク,2017,川﨑　宗則,左打ち,42,156,137,22,33,10,0,0,43,4,0,2,4,1,11,0,3,37,0
ソフトバンク,2017,川島　慶三,右打ち,81,137,110,23,29,7,0,5,51,13,2,2,6,1,18,0,2,24,1
ソフトバンク,2017,城所　龍磨,左打ち,2,3,3,0,0,0,0,0,0,0,0,0,0,0,0,0,0,1,0
ソフトバンク,2017,栗原　陵矢,左打ち,3,3,3,0,0,0,0,0,0,0,0,0,0,0,0,0,0,1,0
ソフトバンク,2017,小澤　怜史,左打ち,2,0,0,0,0,0,0,0,0,0,0,0,0,0,0,0,0,0,0
ソフトバンク,2017,サファテ,右打ち,66,0,0,0,0,0,0,0,0,0,0,0,0,0,0,0,0,0,0
ソフトバンク,2017,ジェンセン,右打ち,6,14,12,2,1,0,0,1,4,1,0,0,0,0,2,0,0,9,0
ソフトバンク,2017,攝津　正,右打ち,7,0,0,0,0,0,0,0,0,0,0,0,0,0,0,0,0,0,0
ソフトバンク,2017,千賀　滉大,左打ち,22,3,3,0,0,0,0,0,0,0,0,0,0,0,0,0,0,1,0
ソフトバンク,2017,曽根　海成,左打ち,2,3,3,0,0,0,0,0,0,0,0,0,0,0,0,0,0,1,0
ソフトバンク,2017,髙田　知季,左打ち,58,130,114,10,26,4,2,2,40,8,2,0,9,0,5,0,2,28,0
ソフトバンク,2017,髙橋　純平,右打ち,1,0,0,0,0,0,0,0,0,0,0,0,0,0,0,0,0,0,0
ソフトバンク,2017,髙谷　裕亮,左打ち,92,195,175,9,36,4,0,1,43,20,0,1,5,2,12,0,1,30,1
ソフトバンク,2017,武田　翔太,右打ち,13,0,0,0,0,0,0,0,0,0,0,0,0,0,0,0,0,0,0
ソフトバンク,2017,茶谷　健太,右打ち,1,2,2,0,1,0,0,0,1,0,0,0,0,0,0,0,0,0,0
ソフトバンク,2017,塚田　正義,右打ち,14,27,26,3,4,1,0,2,11,2,0,0,0,0,0,0,1,8,1
ソフトバンク,2017,鶴岡　慎也,右打ち,29,32,28,6,9,0,0,3,18,5,0,0,1,0,3,0,0,3,1
ソフトバンク,2017,デスパイネ,右打ち,136,545,478,66,125,15,0,35,245,103,3,1,0,3,59,2,5,119,14
ソフトバンク,2017,寺原　隼人,右打ち,24,0,0,0,0,0,0,0,0,0,0,0,0,0,0,0,0,0,0
ソフトバンク,2017,中田　賢一,右打ち,18,2,2,0,0,0,0,0,0,0,0,0,0,0,0,0,0,0,0
ソフトバンク,2017,中村　晃,左打ち,143,600,511,66,138,19,2,6,179,42,3,5,14,5,67,0,3,57,5
ソフトバンク,2017,バンデンハーク,右打ち,25,6,3,0,0,0,0,0,0,0,0,0,3,0,0,0,0,2,0
ソフトバンク,2017,長谷川　勇也,左打ち,23,44,37,5,8,1,2,2,19,7,1,0,0,0,7,0,0,15,0
ソフトバンク,2017,東浜　巨,右打ち,24,2,2,0,0,0,0,0,0,0,0,0,0,0,0,0,0,2,0
ソフトバンク,2017,福田　秀平,左打ち,104,113,104,15,19,2,1,3,32,16,4,2,3,0,6,0,0,34,1
ソフトバンク,2017,本多　雄一,左打ち,62,143,122,12,26,6,0,0,32,8,3,2,9,0,12,0,0,20,2
ソフトバンク,2017,牧原　大成,左打ち,10,3,3,0,1,0,0,0,1,0,0,0,0,0,0,0,0,0,0
ソフトバンク,2017,真砂　勇介,右打ち,9,13,12,2,1,0,0,1,4,1,0,0,0,0,1,0,0,2,0
ソフトバンク,2017,松田　宣浩,右打ち,143,577,531,64,140,19,6,24,243,71,5,2,0,2,43,2,1,128,16
ソフトバンク,2017,松本　裕樹,左打ち,15,6,4,0,1,0,0,0,1,0,0,0,2,0,0,0,0,0,0
ソフトバンク,2017,モイネロ,左打ち,34,0,0,0,0,0,0,0,0,0,0,0,0,0,0,0,0,0,0
ソフトバンク,2017,森　唯斗,右打ち,64,0,0,0,0,0,0,0,0,0,0,0,0,0,0,0,0,0,0
ソフトバンク,2017,柳田　悠岐,左打ち,130,551,448,95,139,30,1,31,264,99,14,7,0,7,89,8,7,123,6
ソフトバンク,2017,山田　大樹,左打ち,2,1,1,0,0,0,0,0,0,0,0,0,0,0,0,0,0,1,0
ソフトバンク,2017,吉村　裕基,右打ち,8,19,17,2,3,0,0,2,9,2,0,0,0,0,1,0,1,7,1
ソフトバンク,2017,和田　毅,左打ち,8,0,0,0,0,0,0,0,0,0,0,0,0,0,0,0,0,0,0
ロッテ,2017,阿部　和成,右打ち,2,0,0,0,0,0,0,0,0,0,0,0,0,0,0,0,0,0,0
ロッテ,2017,有吉　優樹,右打ち,53,0,0,0,0,0,0,0,0,0,0,0,0,0,0,0,0,0,0
ロッテ,2017,井口　資仁,右打ち,65,144,123,9,30,7,0,2,43,15,0,0,0,2,19,1,0,27,4
ロッテ,2017,石川　歩,右打ち,16,3,1,0,0,0,0,0,0,0,0,0,1,0,1,0,0,1,0
ロッテ,2017,伊志嶺　翔大,右打ち,52,117,104,12,18,1,1,0,21,4,4,0,4,0,9,0,0,22,1
ロッテ,2017,井上　晴哉,右打ち,35,119,113,5,26,7,0,0,33,11,0,0,0,0,5,0,1,26,2
ロッテ,2017,猪本　健太郎,右打ち,8,14,14,1,2,1,0,0,3,2,0,1,0,0,0,0,0,6,0
ロッテ,2017,内　竜也,右打ち,50,0,0,0,0,0,0,0,0,0,0,0,0,0,0,0,0,0,0
ロッテ,2017,江村　直也,右打ち,13,6,6,1,1,0,0,0,1,0,0,0,0,0,0,0,0,1,1
ロッテ,2017,大木　貴将,左打ち,9,13,13,3,2,0,0,0,2,0,1,0,0,0,0,0,0,2,0
ロッテ,2017,大谷　智久,右打ち,55,0,0,0,0,0,0,0,0,0,0,0,0,0,0,0,0,0,0
ロッテ,2017,大嶺　翔太,右打ち,91,240,214,15,44,9,2,5,72,23,1,0,9,2,14,0,1,56,1
ロッテ,2017,大嶺　祐太,左打ち,20,0,0,0,0,0,0,0,0,0,0,0,0,0,0,0,0,0,0
ロッテ,2017,岡田　幸文,左打ち,31,40,33,4,0,0,0,0,0,0,0,0,2,0,5,1,0,2,0
ロッテ,2017,荻野　貴司,右打ち,103,394,356,53,94,22,1,5,133,24,26,3,10,1,25,0,2,44,6
ロッテ,2017,柿沼　友哉,右打ち,8,9,8,0,0,0,0,0,0,1,0,0,1,0,0,0,0,2,1
ロッテ,2017,角中　勝也,左打ち,110,452,383,44,103,17,4,8,152,44,6,1,1,2,62,4,4,44,6
ロッテ,2017,香月　一也,左打ち,19,42,41,1,8,0,0,0,8,2,0,0,1,0,0,0,0,6,1
ロッテ,2017,加藤　翔平,左右打ち,98,292,271,24,72,12,5,5,109,27,7,4,12,2,6,0,1,44,2
ロッテ,2017,金澤　岳,左打ち,4,7,7,0,0,0,0,0,0,0,0,0,0,0,0,0,0,1,0
ロッテ,2017,唐川　侑己,右打ち,21,2,2,0,0,0,0,0,0,0,0,0,0,0,0,0,0,2,0
ロッテ,2017,清田　育宏,右打ち,79,263,231,28,47,8,1,3,66,21,3,0,5,0,24,0,3,61,8
ロッテ,2017,黒沢　翔太,右打ち,2,0,0,0,0,0,0,0,0,0,0,0,0,0,0,0,0,0,0
ロッテ,2017,サントス,左打ち,66,193,180,22,45,10,0,3,64,8,5,4,5,0,7,0,1,46,2
ロッテ,2017,酒居　知史,右打ち,19,0,0,0,0,0,0,0,0,0,0,0,0,0,0,0,0,0,0
ロッテ,2017,佐々木　千隼,右打ち,15,3,3,0,0,0,0,0,0,0,0,0,0,0,0,0,0,3,0
ロッテ,2017,柴田　講平,左打ち,17,34,33,2,4,0,0,1,7,2,1,0,0,0,0,0,1,9,0
ロッテ,2017,スタンリッジ,右打ち,14,0,0,0,0,0,0,0,0,0,0,0,0,0,0,0,0,0,0
ロッテ,2017,鈴木　大地,左打ち,143,588,508,56,132,27,5,11,202,52,6,5,3,4,55,1,18,85,7
ロッテ,2017,関谷　亮太,右打ち,10,0,0,0,0,0,0,0,0,0,0,0,0,0,0,0,0,0,0
ロッテ,2017,ダフィー,右打ち,54,183,164,15,33,8,1,6,61,18,0,0,0,1,14,0,4,61,2
ロッテ,2017,高野　圭佑,右打ち,8,0,0,0,0,0,0,0,0,0,0,0,0,0,0,0,0,0,0
ロッテ,2017,髙濱　卓也,左打ち,28,38,35,1,6,2,0,0,8,1,0,0,0,0,3,0,0,6,4
ロッテ,2017,田中　靖洋,右打ち,13,0,0,0,0,0,0,0,0,0,0,0,0,0,0,0,0,0,0
ロッテ,2017,田村　龍弘,右打ち,132,359,311,31,77,12,3,3,104,36,4,2,17,4,26,0,1,68,7
ロッテ,2017,チェン・グァンユウ,左打ち,27,1,1,0,0,0,0,0,0,0,0,0,0,0,0,0,0,1,0
ロッテ,2017,東條　大樹,右打ち,12,0,0,0,0,0,0,0,0,0,0,0,0,0,0,0,0,0,0
ロッテ,2017,土肥　星也,左打ち,18,0,0,0,0,0,0,0,0,0,0,0,0,0,0,0,0,0,0
ロッテ,2017,中村　奨吾,右打ち,85,312,280,32,77,13,2,9,121,32,11,3,5,1,20,1,6,63,5
ロッテ,2017,成田　翔,左打ち,4,0,0,0,0,0,0,0,0,0,0,0,0,0,0,0,0,0,0
ロッテ,2017,西野　勇士,右打ち,5,0,0,0,0,0,0,0,0,0,0,0,0,0,0,0,0,0,0
ロッテ,2017,根元　俊一,左打ち,40,118,109,10,24,7,1,1,36,9,1,0,2,0,6,0,1,34,0
ロッテ,2017,パラデス,左右打ち,89,289,269,31,59,9,0,10,98,26,1,0,0,1,16,0,3,97,5
ロッテ,2017,肘井　竜蔵,左打ち,16,21,21,4,5,1,0,0,6,0,0,0,0,0,0,0,0,12,0
ロッテ,2017,平沢　大河,左打ち,50,129,119,9,21,2,1,1,28,3,1,0,3,0,6,0,1,40,1
ロッテ,2017,福浦　和也,左打ち,70,155,134,6,30,7,0,0,37,18,0,0,0,2,18,0,1,25,4
ロッテ,2017,藤岡　貴裕,左打ち,10,0,0,0,0,0,0,0,0,0,0,0,0,0,0,0,0,0,0
ロッテ,2017,二木　康太,右打ち,23,3,2,0,0,0,0,0,0,0,0,0,1,0,0,0,0,2,0
ロッテ,2017,ペーニャ,右打ち,70,252,219,24,53,14,0,15,112,38,0,0,0,2,26,0,5,72,8
ロッテ,2017,細谷　圭,右打ち,41,106,100,8,19,3,2,2,32,13,0,0,1,0,5,0,0,38,2
ロッテ,2017,益田　直也,右打ち,38,0,0,0,0,0,0,0,0,0,0,0,0,0,0,0,0,0,0
ロッテ,2017,松永　昂大,左打ち,50,0,0,0,0,0,0,0,0,0,0,0,0,0,0,0,0,0,0
ロッテ,2017,三木　亮,右打ち,85,229,207,18,50,9,0,2,65,19,0,1,9,2,8,0,3,55,1
ロッテ,2017,三家　和真,左右打ち,4,5,5,0,0,0,0,0,0,0,0,0,0,0,0,0,0,1,0
ロッテ,2017,南　昌輝,右打ち,19,0,0,0,0,0,0,0,0,0,0,0,0,0,0,0,0,0,0
ロッテ,2017,宮﨑　敦次,左打ち,6,0,0,0,0,0,0,0,0,0,0,0,0,0,0,0,0,0,0
ロッテ,2017,吉田　裕太,右打ち,61,107,94,10,16,7,0,3,32,6,0,0,6,0,7,0,0,30,4
ロッテ,2017,涌井　秀章,右打ち,25,4,4,0,0,0,0,0,0,0,0,0,0,0,0,0,0,4,0
西武,2017,愛斗,右打ち,9,6,5,2,0,0,0,0,0,0,0,0,0,0,0,0,1,3,0
西武,2017,秋山　翔吾,左打ち,143,659,575,106,185,38,5,25,308,89,16,5,0,7,72,1,5,97,4
西武,2017,浅村　栄斗,右打ち,143,633,574,78,167,34,1,19,260,99,5,1,1,6,44,0,8,96,17
西武,2017,ウルフ,右打ち,23,5,4,0,0,0,0,0,0,0,0,0,1,0,0,0,0,1,1
西武,2017,呉　念庭,左打ち,15,44,39,5,9,2,1,0,13,4,1,0,0,1,4,0,0,8,2
西武,2017,上本　達之,左打ち,11,11,10,0,1,0,0,0,1,0,0,0,0,0,1,0,0,2,0
西武,2017,大石　達也,左打ち,20,0,0,0,0,0,0,0,0,0,0,0,0,0,0,0,0,0,0
西武,2017,岡田　雅利,右打ち,68,172,144,19,33,6,1,0,41,9,0,0,12,0,10,1,6,28,1
西武,2017,岡本　洋介,右打ち,14,2,2,0,0,0,0,0,0,0,0,0,0,0,0,0,0,2,0
西武,2017,ガルセス,左打ち,18,1,1,0,0,0,0,0,0,0,0,0,0,0,0,0,0,0,0
西武,2017,金子　侑司,左右打ち,90,320,283,43,77,17,2,5,113,34,25,8,5,4,27,0,1,49,5
西武,2017,キャンデラリオ,右打ち,1,0,0,0,0,0,0,0,0,0,0,0,0,0,0,0,0,0,0
西武,2017,菊池　雄星,左打ち,26,5,5,0,1,0,0,0,1,0,0,0,0,0,0,0,0,2,0
西武,2017,木村　昇吾,左打ち,3,7,6,1,1,0,0,0,1,0,0,0,0,0,1,0,0,1,1
西武,2017,木村　文紀,右打ち,105,203,184,26,37,5,1,2,50,13,7,4,4,1,13,0,1,53,5
西武,2017,栗山　巧,左打ち,116,374,333,28,84,13,0,9,124,46,0,0,4,7,27,0,3,64,10
西武,2017,源田　壮亮,左打ち,143,647,575,85,155,18,10,3,202,57,37,10,26,4,36,0,6,100,5
西武,2017,小石　博孝,左打ち,10,0,0,0,0,0,0,0,0,0,0,0,0,0,0,0,0,0,0
西武,2017,斉藤　彰吾,左打ち,10,8,8,2,1,0,0,0,1,0,0,0,0,0,0,0,0,4,0
西武,2017,坂田　遼,左打ち,11,19,16,2,7,0,0,2,13,4,0,0,0,0,3,0,0,8,0
西武,2017,佐野　泰雄,左打ち,6,3,2,0,1,0,0,0,1,0,0,0,1,0,0,0,0,0,0
西武,2017,シュリッター,右打ち,64,0,0,0,0,0,0,0,0,0,0,0,0,0,0,0,0,0,0
西武,2017,炭谷　銀仁朗,右打ち,104,310,267,32,67,11,0,5,93,30,2,1,23,4,8,0,8,45,6
西武,2017,髙橋　光成,右打ち,7,0,0,0,0,0,0,0,0,0,0,0,0,0,0,0,0,0,0
西武,2017,髙橋　朋己,左打ち,3,0,0,0,0,0,0,0,0,0,0,0,0,0,0,0,0,0,0
西武,2017,武隈　祥太,左打ち,58,0,0,0,0,0,0,0,0,0,0,0,0,0,0,0,0,0,0
西武,2017,田代　将太郎,左打ち,38,62,56,8,4,0,1,1,9,5,3,2,0,0,5,0,1,16,1
西武,2017,田村　伊知郎,左打ち,12,0,0,0,0,0,0,0,0,0,0,0,0,0,0,0,0,0,0
西武,2017,多和田　真三郎,右打ち,16,0,0,0,0,0,0,0,0,0,0,0,0,0,0,0,0,0,0
西武,2017,十亀　剣,右打ち,20,2,2,0,0,0,0,0,0,0,0,0,0,0,0,0,0,1,0
西武,2017,外崎　修汰,右打ち,135,489,438,65,113,22,3,10,171,48,23,3,10,3,33,0,5,109,4
西武,2017,永江　恭平,左打ち,25,19,17,3,4,1,0,1,8,4,0,0,2,0,0,0,0,5,0
西武,2017,中塚　駿太,右打ち,1,0,0,0,0,0,0,0,0,0,0,0,0,0,0,0,0,0,0
西武,2017,中村　剛也,右打ち,115,486,415,69,90,14,0,27,185,79,1,0,0,6,61,1,4,118,12
西武,2017,野上　亮磨,右打ち,24,2,2,0,0,0,0,0,0,0,0,0,0,0,0,0,0,1,0
西武,2017,野田　昇吾,左打ち,38,0,0,0,0,0,0,0,0,0,0,0,0,0,0,0,0,0,0
西武,2017,平井　克典,右打ち,42,0,0,0,0,0,0,0,0,0,0,0,0,0,0,0,0,0,0
西武,2017,ファイフ,右打ち,5,0,0,0,0,0,0,0,0,0,0,0,0,0,0,0,0,0,0
西武,2017,福倉　健太郎,右打ち,10,0,0,0,0,0,0,0,0,0,0,0,0,0,0,0,0,0,0
西武,2017,藤原　良平,右打ち,8,0,0,0,0,0,0,0,0,0,0,0,0,0,0,0,0,0,0
西武,2017,本田　圭佑,右打ち,5,0,0,0,0,0,0,0,0,0,0,0,0,0,0,0,0,0,0
西武,2017,牧田　和久,右打ち,58,0,0,0,0,0,0,0,0,0,0,0,0,0,0,0,0,0,0
西武,2017,誠,右打ち,5,0,0,0,0,0,0,0,0,0,0,0,0,0,0,0,0,0,0
西武,2017,増田　達至,右打ち,57,0,0,0,0,0,0,0,0,0,0,0,0,0,0,0,0,0,0
西武,2017,水口　大地,左打ち,56,51,50,17,14,3,0,0,17,4,5,4,0,0,1,0,0,6,1
西武,2017,南川　忠亮,右打ち,5,0,0,0,0,0,0,0,0,0,0,0,0,0,0,0,0,0,0
西武,2017,メヒア,右打ち,113,388,345,34,83,18,0,19,158,53,1,0,0,2,37,0,4,100,7
西武,2017,森　友哉,左打ち,38,145,124,16,42,8,3,2,62,18,3,1,0,0,21,0,0,24,4
西武,2017,山川　穂高,右打ち,78,293,242,46,72,19,0,23,160,61,0,1,0,0,46,1,5,72,7
西武,2017,渡辺　直人,右打ち,32,79,68,3,16,7,0,0,23,3,0,0,4,0,7,0,0,14,2
楽天,2017,アマダー,右打ち,121,460,417,35,99,9,0,23,177,65,0,1,0,2,39,0,2,102,18
楽天,2017,青山　浩二,右打ち,17,0,0,0,0,0,0,0,0,0,0,0,0,0,0,0,0,0,0
楽天,2017,足立　祐一,右打ち,49,87,76,5,16,1,1,1,22,7,0,1,5,0,5,0,1,18,1
楽天,2017,阿部　俊人,左打ち,44,23,20,3,4,0,0,0,4,1,1,0,1,0,2,0,0,6,0
楽天,2017,安樂　智大,左打ち,10,2,2,0,0,0,0,0,0,0,0,0,0,0,0,0,0,1,0
楽天,2017,伊志嶺　忠,左打ち,14,14,14,0,1,1,0,0,2,0,0,0,0,0,0,0,0,7,0
楽天,2017,今江　年晶,右打ち,51,135,128,11,32,7,1,1,44,10,0,0,1,0,6,0,0,26,3
楽天,2017,入野　貴大,左打ち,7,0,0,0,0,0,0,0,0,0,0,0,0,0,0,0,0,0,0
楽天,2017,ウィーラー,右打ち,142,605,542,75,147,27,0,31,267,82,7,3,0,3,50,4,10,98,14
楽天,2017,内田　靖人,右打ち,7,21,21,0,1,0,0,0,1,1,0,0,0,0,0,0,0,9,1
楽天,2017,オコエ　瑠偉,右打ち,41,141,130,21,39,17,0,3,65,11,5,2,5,0,3,0,3,38,3
楽天,2017,岡島　豪郎,左打ち,111,400,342,51,89,13,5,3,121,32,3,2,10,5,41,0,2,65,6
楽天,2017,小野　郁,右打ち,2,0,0,0,0,0,0,0,0,0,0,0,0,0,0,0,0,0,0
楽天,2017,金刃　憲人,左打ち,6,0,0,0,0,0,0,0,0,0,0,0,0,0,0,0,0,0,0
楽天,2017,釜田　佳直,右打ち,12,3,3,0,0,0,0,0,0,0,0,0,0,0,0,0,0,1,0
楽天,2017,辛島　航,左打ち,19,0,0,0,0,0,0,0,0,0,0,0,0,0,0,0,0,0,0
楽天,2017,菊池　保則,左打ち,7,0,0,0,0,0,0,0,0,0,0,0,0,0,0,0,0,0,0
楽天,2017,岸　孝之,右打ち,26,5,4,0,0,0,0,0,0,0,0,0,1,0,0,0,0,3,0
楽天,2017,銀次,左打ち,143,590,529,55,155,30,0,3,194,60,2,1,1,2,56,1,2,74,11
楽天,2017,クルーズ,右打ち,13,37,37,2,6,2,0,0,8,2,0,0,0,0,0,0,0,4,1
楽天,2017,久保　裕也,右打ち,27,0,0,0,0,0,0,0,0,0,0,0,0,0,0,0,0,0,0
楽天,2017,コラレス,右打ち,1,0,0,0,0,0,0,0,0,0,0,0,0,0,0,0,0,0,0
楽天,2017,小山　雄輝,右打ち,5,0,0,0,0,0,0,0,0,0,0,0,0,0,0,0,0,0,0
楽天,2017,今野　龍太,右打ち,1,0,0,0,0,0,0,0,0,0,0,0,0,0,0,0,0,0,0
楽天,2017,塩見　貴洋,左打ち,8,0,0,0,0,0,0,0,0,0,0,0,0,0,0,0,0,0,0
楽天,2017,嶋　基宏,右打ち,112,369,281,34,56,9,0,3,74,28,2,1,27,1,57,0,3,62,8
楽天,2017,島内　宏明,左打ち,143,577,494,62,131,14,3,14,193,47,3,6,12,3,64,0,4,67,8
楽天,2017,下妻　貴寛,右打ち,8,11,10,0,1,0,0,0,1,0,0,0,1,0,0,0,0,5,0
楽天,2017,菅原　秀,左打ち,29,0,0,0,0,0,0,0,0,0,0,0,0,0,0,0,0,0,0
楽天,2017,宋　家豪,左打ち,5,0,0,0,0,0,0,0,0,0,0,0,0,0,0,0,0,0,0
楽天,2017,高梨　雄平,左打ち,46,0,0,0,0,0,0,0,0,0,0,0,0,0,0,0,0,0,0
楽天,2017,田中　和基,左右打ち,51,59,54,9,6,2,0,1,11,2,7,2,2,0,3,0,0,25,0
楽天,2017,戸村　健次,右打ち,13,0,0,0,0,0,0,0,0,0,0,0,0,0,0,0,0,0,0
楽天,2017,中川　大志,右打ち,23,36,34,3,4,2,0,0,6,4,0,0,0,0,1,0,1,11,0
楽天,2017,西田　哲朗,右打ち,22,24,22,2,3,0,0,0,3,0,0,0,0,0,2,0,0,10,0
楽天,2017,西宮　悠介,左打ち,8,0,0,0,0,0,0,0,0,0,0,0,0,0,0,0,0,0,0
楽天,2017,則本　昂大,左打ち,25,2,2,0,0,0,0,0,0,0,0,0,0,0,0,0,0,2,0
楽天,2017,ハーマン,左打ち,56,0,0,0,0,0,0,0,0,0,0,0,0,0,0,0,0,0,0
楽天,2017,濱矢　廣大,左打ち,9,0,0,0,0,0,0,0,0,0,0,0,0,0,0,0,0,0,0
楽天,2017,聖澤　諒,左打ち,111,252,232,29,58,14,2,1,79,21,2,1,2,1,13,0,4,50,2
楽天,2017,フェルナンド,右打ち,2,0,0,0,0,0,0,0,0,0,0,0,0,0,0,0,0,0,0
楽天,2017,福田　将儀,右打ち,9,7,7,1,1,0,0,0,1,1,1,0,0,0,0,0,0,1,0
楽天,2017,福山　博之,右打ち,65,0,0,0,0,0,0,0,0,0,0,0,0,0,0,0,0,0,0
楽天,2017,藤田　一也,左打ち,102,315,270,28,68,9,2,3,90,33,2,1,25,3,16,1,1,21,8
楽天,2017,藤平　尚真,右打ち,8,1,0,0,0,0,0,0,0,0,0,0,1,0,0,0,0,0,0
楽天,2017,古川　侑利,右打ち,5,2,2,0,0,0,0,0,0,0,0,0,0,0,0,0,0,1,0
楽天,2017,ペゲーロ,左打ち,120,517,463,67,130,17,1,26,227,75,3,2,0,0,50,3,4,139,16
楽天,2017,細川　亨,右打ち,20,23,20,1,2,0,0,1,5,1,0,0,3,0,0,0,0,9,0
楽天,2017,枡田　慎太郎,左打ち,32,77,71,7,12,4,0,1,19,4,1,0,0,0,6,0,0,23,1
楽天,2017,松井　稼頭央,左右打ち,44,83,76,6,16,2,1,2,26,10,0,1,0,0,6,0,1,23,1
楽天,2017,松井　裕樹,左打ち,52,0,0,0,0,0,0,0,0,0,0,0,0,0,0,0,0,0,0
楽天,2017,美馬　学,左打ち,26,6,6,0,0,0,0,0,0,0,0,0,0,0,0,0,0,5,0
楽天,2017,三好　匠,右打ち,56,115,103,12,25,9,0,1,37,9,0,1,4,1,7,0,0,27,1
楽天,2017,村林　一輝,右打ち,1,3,2,2,1,0,0,0,1,0,0,0,0,0,1,0,0,1,0
楽天,2017,茂木　栄五郎,左打ち,103,450,398,64,118,25,2,17,198,47,3,2,4,1,45,1,2,84,4
楽天,2017,森　雄大,左打ち,8,0,0,0,0,0,0,0,0,0,0,0,0,0,0,0,0,0,0
楽天,2017,森原　康平,左打ち,42,0,0,0,0,0,0,0,0,0,0,0,0,0,0,0,0,0,0
オリックス,2017,青山　大紀,左打ち,1,0,0,0,0,0,0,0,0,0,0,0,0,0,0,0,0,0,0
オリックス,2017,赤間　謙,右打ち,7,1,1,0,0,0,0,0,0,0,0,0,0,0,0,0,0,0,0
オリックス,2017,安達　了一,右打ち,109,380,316,40,64,9,3,3,88,26,4,3,17,0,37,0,10,61,5
オリックス,2017,飯田　大祐,右打ち,2,3,3,0,0,0,0,0,0,0,0,0,0,0,0,0,0,2,0
オリックス,2017,伊藤　光,右打ち,103,239,196,21,37,9,2,5,65,23,0,0,22,1,18,1,2,47,2
オリックス,2017,岩﨑　恭平,左打ち,7,11,11,1,1,0,0,0,1,0,1,0,0,0,0,0,0,2,0
オリックス,2017,ウエスト,右打ち,2,0,0,0,0,0,0,0,0,0,0,0,0,0,0,0,0,0,0
オリックス,2017,大城　滉二,右打ち,122,400,345,28,85,10,1,2,103,21,7,4,35,1,16,0,3,59,6
オリックス,2017,大山　暁史,左打ち,32,0,0,0,0,0,0,0,0,0,0,0,0,0,0,0,0,0,0
オリックス,2017,岡﨑　大輔,左打ち,5,14,14,1,2,0,0,0,2,1,0,0,0,0,0,0,0,3,0
オリックス,2017,小田　裕也,左打ち,43,20,17,4,1,0,0,0,1,0,0,0,2,0,1,0,0,7,0
オリックス,2017,海田　智行,左打ち,12,0,0,0,0,0,0,0,0,0,0,0,0,0,0,0,0,0,0
オリックス,2017,金子　千尋,左打ち,27,5,5,0,0,0,0,0,0,0,0,0,0,0,0,0,0,3,0
オリックス,2017,金田　和之,右打ち,34,0,0,0,0,0,0,0,0,0,0,0,0,0,0,0,0,0,0
オリックス,2017,川端　崇義,右打ち,18,28,28,4,6,2,0,0,8,2,0,0,0,0,0,0,0,2,0
オリックス,2017,岸田　護,右打ち,4,0,0,0,0,0,0,0,0,0,0,0,0,0,0,0,0,0,0
オリックス,2017,黒木　優太,左打ち,55,0,0,0,0,0,0,0,0,0,0,0,0,0,0,0,0,0,0
オリックス,2017,コーク,左打ち,6,0,0,0,0,0,0,0,0,0,0,0,0,0,0,0,0,0,0
オリックス,2017,小島　脩平,左打ち,61,182,164,17,35,5,2,2,50,19,3,0,9,2,7,0,0,21,4
オリックス,2017,小林　慶祐,右打ち,35,0,0,0,0,0,0,0,0,0,0,0,0,0,0,0,0,0,0
オリックス,2017,小谷野　栄一,右打ち,130,506,470,41,130,14,1,6,164,47,0,0,3,2,28,0,3,60,13
オリックス,2017,近藤　大亮,右打ち,55,0,0,0,0,0,0,0,0,0,0,0,0,0,0,0,0,0,0
オリックス,2017,佐藤　達也,右打ち,12,0,0,0,0,0,0,0,0,0,0,0,0,0,0,0,0,0,0
オリックス,2017,澤田　圭佑,左打ち,13,0,0,0,0,0,0,0,0,0,0,0,0,0,0,0,0,0,0
オリックス,2017,縞田　拓弥,右打ち,5,9,7,0,1,0,0,0,1,1,0,0,0,0,2,0,0,1,1
オリックス,2017,駿太,左打ち,129,329,296,29,71,16,7,2,107,27,4,3,13,4,15,1,1,76,3
オリックス,2017,杉本　裕太郎,右打ち,9,17,17,2,2,1,0,1,6,2,0,0,0,0,0,0,0,6,1
オリックス,2017,鈴木　昂平,右打ち,72,39,37,10,3,2,0,0,5,0,0,0,2,0,0,0,0,8,2
オリックス,2017,武田　健吾,右打ち,97,219,207,19,61,8,0,2,75,14,0,0,4,0,5,0,3,47,3
オリックス,2017,塚原　頌平,左打ち,4,0,0,0,0,0,0,0,0,0,0,0,0,0,0,0,0,0,0
オリックス,2017,Ｔ－岡田,左打ち,143,593,504,77,134,19,0,31,246,68,2,1,0,1,83,1,5,141,10
オリックス,2017,ディクソン,右打ち,25,1,1,0,0,0,0,0,0,0,0,0,0,0,0,0,0,0,0
オリックス,2017,東明　大貴,右打ち,3,1,1,0,0,0,0,0,0,0,0,0,0,0,0,0,0,0,0
オリックス,2017,中島　宏之,右打ち,124,489,431,36,123,19,0,9,169,49,0,0,0,5,46,0,7,93,11
オリックス,2017,西　勇輝,右打ち,17,5,5,1,1,0,0,0,1,0,0,0,0,0,0,0,0,2,0
オリックス,2017,西野　真弘,左打ち,100,331,282,33,66,11,2,2,87,21,8,4,16,3,24,0,6,46,4
オリックス,2017,比嘉　幹貴,右打ち,8,0,0,0,0,0,0,0,0,0,0,0,0,0,0,0,0,0,0
オリックス,2017,平野　佳寿,右打ち,58,1,1,0,0,0,0,0,0,0,0,0,0,0,0,0,0,1,0
オリックス,2017,伏見　寅威,右打ち,4,1,1,1,0,0,0,0,0,0,0,0,0,0,0,0,0,1,0
オリックス,2017,ヘルメン,右打ち,44,0,0,0,0,0,0,0,0,0,0,0,0,0,0,0,0,0,0
オリックス,2017,マレーロ,右打ち,82,319,283,39,82,15,1,20,159,50,1,0,0,2,29,1,5,84,6
オリックス,2017,松葉　貴大,左打ち,23,5,5,0,0,0,0,0,0,0,0,0,0,0,0,0,0,4,0
オリックス,2017,宮﨑　祐樹,右打ち,52,146,137,9,37,7,2,2,54,13,0,1,1,1,6,0,1,32,0
オリックス,2017,宗　佑磨,左打ち,10,26,22,2,4,1,0,0,5,0,0,3,0,0,3,0,1,6,1
オリックス,2017,モレル,右打ち,38,110,98,9,27,8,0,1,38,11,0,2,0,0,12,0,0,28,3
オリックス,2017,山岡　泰輔,左打ち,24,3,3,0,0,0,0,0,0,0,0,0,0,0,0,0,0,2,0
オリックス,2017,山崎　勝己,右打ち,17,22,18,1,2,2,0,0,4,2,0,0,2,0,2,0,0,4,0
オリックス,2017,山﨑　福也,左打ち,15,0,0,0,0,0,0,0,0,0,0,0,0,0,0,0,0,0,0
オリックス,2017,山田　修義,左打ち,4,0,0,0,0,0,0,0,0,0,0,0,0,0,0,0,0,0,0
オリックス,2017,山本　由伸,右打ち,5,0,0,0,0,0,0,0,0,0,0,0,0,0,0,0,0,0,0
オリックス,2017,吉田　一将,左打ち,29,0,0,0,0,0,0,0,0,0,0,0,0,0,0,0,0,0,0
オリックス,2017,吉田　正尚,左打ち,64,268,228,42,71,11,0,12,118,38,1,1,0,1,38,2,1,32,9
オリックス,2017,吉田　雄人,左打ち,11,8,8,1,0,0,0,0,0,0,0,0,0,0,0,0,0,3,0
オリックス,2017,吉田　凌,右打ち,1,0,0,0,0,0,0,0,0,0,0,0,0,0,0,0,0,0,0
オリックス,2017,ロメロ,右打ち,103,424,390,55,107,13,0,26,198,66,2,1,0,1,27,0,6,98,12
オリックス,2017,若月　健矢,右打ち,100,256,218,16,44,8,2,1,59,18,0,0,23,2,10,0,3,50,9
広島,2017,會澤　翼,右打ち,106,329,287,35,79,15,0,6,112,35,0,0,10,3,22,1,7,45,12
広島,2017,安部　友裕,左打ち,123,455,413,63,128,17,4,4,165,49,17,5,12,1,27,1,2,94,3
広島,2017,天谷　宗一郎,左打ち,56,45,37,6,7,1,0,0,8,2,1,0,4,0,3,0,1,17,0
広島,2017,新井　貴浩,右打ち,100,288,243,36,71,14,0,9,112,48,2,0,0,4,40,0,1,56,7
広島,2017,飯田　哲矢,左打ち,8,1,1,0,0,0,0,0,0,0,0,0,0,0,0,0,0,1,0
広島,2017,石原　慶幸,右打ち,77,167,147,11,30,4,0,1,37,12,1,0,8,2,10,0,0,33,8
広島,2017,磯村　嘉孝,右打ち,21,39,34,6,8,2,0,2,16,3,0,0,1,0,3,0,1,8,1
広島,2017,一岡　竜司,右打ち,59,0,0,0,0,0,0,0,0,0,0,0,0,0,0,0,0,0,0
広島,2017,今井　啓介,右打ち,4,0,0,0,0,0,0,0,0,0,0,0,0,0,0,0,0,0,0
広島,2017,今村　猛,右打ち,68,0,0,0,0,0,0,0,0,0,0,0,0,0,0,0,0,0,0
広島,2017,岩本　貴裕,左打ち,33,50,48,5,18,4,0,1,25,13,0,0,1,0,1,0,0,15,2
広島,2017,上本　崇司,左右打ち,37,10,8,12,1,0,0,0,1,0,3,0,0,0,2,0,0,3,0
広島,2017,エルドレッド,右打ち,116,405,344,40,91,11,0,27,183,78,0,0,0,3,50,0,8,111,8
広島,2017,オスカル,左打ち,2,0,0,0,0,0,0,0,0,0,0,0,0,0,0,0,0,0,0
広島,2017,大瀬良　大地,右打ち,24,51,44,1,6,1,0,0,7,0,0,0,4,0,2,0,1,21,0
広島,2017,岡田　明丈,左打ち,24,52,47,1,6,2,0,0,8,8,0,0,4,0,1,0,0,24,2
広島,2017,加藤　拓也,右打ち,7,11,10,0,0,0,0,0,0,0,0,0,0,0,1,0,0,8,1
広島,2017,菊池　涼介,右打ち,138,629,565,87,153,28,3,14,229,56,8,7,30,1,32,0,1,107,9
広島,2017,九里　亜蓮,右打ち,35,30,25,1,1,0,0,0,1,0,0,0,3,0,2,0,0,15,0
広島,2017,小窪　哲也,右打ち,26,65,57,3,10,0,1,0,12,8,1,0,2,0,6,0,0,13,3
広島,2017,坂倉　将吾,左打ち,3,4,4,0,1,0,0,0,1,2,0,0,0,0,0,0,0,0,0
広島,2017,佐藤　祥万,左打ち,6,0,0,0,0,0,0,0,0,0,0,0,0,0,0,0,0,0,0
広島,2017,ジャクソン,右打ち,60,0,0,0,0,0,0,0,0,0,0,0,0,0,0,0,0,0,0
広島,2017,ジョンソン,左打ち,13,26,24,1,3,0,0,0,3,0,0,0,2,0,0,0,0,12,0
広島,2017,下水流　昂,右打ち,9,9,9,1,1,1,0,0,2,0,0,0,0,0,0,0,0,2,0
広島,2017,庄司　隼人,左打ち,6,6,3,1,1,0,0,0,1,0,0,0,2,0,1,0,0,1,0
広島,2017,白濱　裕太,右打ち,3,5,5,0,2,1,0,0,3,0,1,0,0,0,0,0,0,2,0
広島,2017,鈴木　誠也,右打ち,115,512,437,85,131,28,1,26,239,90,16,6,0,7,62,0,6,80,12
広島,2017,高橋　樹也,左打ち,10,2,2,0,0,0,0,0,0,0,0,0,0,0,0,0,0,1,0
広島,2017,田中　広輔,左打ち,143,679,565,105,164,32,5,8,230,60,35,13,6,4,89,2,15,120,5
広島,2017,堂林　翔太,右打ち,44,54,46,4,10,1,0,1,14,11,0,0,0,3,5,0,0,13,0
広島,2017,床田　寛樹,左打ち,3,6,6,0,0,0,0,0,0,0,0,0,0,0,0,0,0,1,0
広島,2017,戸田　隆矢,左打ち,3,2,2,0,0,0,0,0,0,0,0,0,0,0,0,0,0,1,0
広島,2017,中﨑　翔太,右打ち,59,0,0,0,0,0,0,0,0,0,0,0,0,0,0,0,0,0,0
広島,2017,中田　廉,右打ち,53,0,0,0,0,0,0,0,0,0,0,0,0,0,0,0,0,0,0
広島,2017,中村　祐太,右打ち,15,23,20,0,3,0,0,0,3,1,0,0,3,0,0,0,0,4,0
広島,2017,西川　龍馬,左打ち,95,220,204,23,56,10,2,5,85,27,4,1,3,2,10,0,1,35,4
広島,2017,野間　峻祥,左打ち,98,85,74,34,14,1,0,0,15,2,10,5,4,0,7,0,0,13,1
広島,2017,野村　祐輔,右打ち,25,52,41,2,5,0,0,0,5,2,0,0,9,0,2,0,0,18,0
広島,2017,バティスタ,右打ち,61,143,125,21,32,5,0,11,70,26,0,0,0,2,15,0,1,44,3
広島,2017,土生　翔平,左打ち,5,2,1,0,0,0,0,0,0,0,0,0,1,0,0,0,0,0,0
広島,2017,ブレイシア,左打ち,26,0,0,0,0,0,0,0,0,0,0,0,0,0,0,0,0,0,0
広島,2017,福井　優也,右打ち,5,9,9,0,0,0,0,0,0,0,0,0,0,0,0,0,0,4,0
広島,2017,藤井　皓哉,左打ち,2,0,0,0,0,0,0,0,0,0,0,0,0,0,0,0,0,0,0
広島,2017,ヘーゲンズ,右打ち,11,0,0,0,0,0,0,0,0,0,0,0,0,0,0,0,0,0,0
広島,2017,ペーニャ,左右打ち,22,39,37,2,8,1,0,0,9,2,0,0,0,0,2,0,0,10,0
広島,2017,松山　竜平,左打ち,120,387,350,39,114,23,4,14,187,77,0,0,0,6,31,0,0,45,8
広島,2017,丸　佳浩,左打ち,143,651,556,109,171,35,3,23,281,92,13,3,2,6,83,0,4,113,6
広島,2017,メヒア,右打ち,9,15,14,0,3,0,0,0,3,1,0,0,0,0,1,0,0,4,0
広島,2017,薮田　和樹,右打ち,38,34,28,2,1,0,0,0,1,0,0,0,5,0,1,0,0,20,0
巨人,2017,相川　亮二,右打ち,29,40,38,0,6,1,0,0,7,3,0,0,0,1,1,0,0,9,1
巨人,2017,阿部　慎之助,左打ち,129,512,455,41,119,13,0,15,177,76,0,1,1,7,41,1,8,67,13
巨人,2017,池田　駿,左打ち,33,0,0,0,0,0,0,0,0,0,0,0,0,0,0,0,0,0,0
巨人,2017,石川　慎吾,右打ち,99,251,236,21,57,12,3,5,90,20,2,0,0,0,13,0,2,51,8
巨人,2017,乾　真大,左打ち,5,0,0,0,0,0,0,0,0,0,0,0,0,0,0,0,0,0,0
巨人,2017,今村　信貴,左打ち,3,1,1,0,1,0,0,0,1,0,0,0,0,0,0,0,0,0,0
巨人,2017,宇佐見　真吾,左打ち,21,45,40,6,14,0,0,4,26,8,0,0,0,0,3,0,2,14,0
巨人,2017,内海　哲也,左打ち,12,18,16,1,1,0,0,0,1,1,0,0,2,0,0,0,0,9,0
巨人,2017,江柄子　裕樹,右打ち,2,0,0,0,0,0,0,0,0,0,0,0,0,0,0,0,0,0,0
巨人,2017,大竹　寛,右打ち,13,26,19,0,0,0,0,0,0,1,0,0,6,0,1,0,0,13,0
巨人,2017,岡本　和真,右打ち,15,35,31,2,6,1,0,0,7,2,0,0,0,0,4,0,0,10,0
巨人,2017,カミネロ,右打ち,57,1,1,0,0,0,0,0,0,0,0,0,0,0,0,0,0,0,0
巨人,2017,亀井　善行,左打ち,109,277,247,20,62,16,0,6,96,47,1,0,0,2,27,1,1,38,4
巨人,2017,クルーズ,右打ち,9,33,32,2,5,1,0,0,6,3,0,0,0,1,0,0,0,3,1
巨人,2017,小林　誠司,右打ち,138,443,378,25,78,11,1,2,97,27,2,0,19,3,41,4,2,64,12
巨人,2017,坂本　勇人,右打ち,142,614,539,82,157,30,0,15,232,61,14,6,1,3,68,2,3,85,16
巨人,2017,桜井　俊貴,右打ち,19,0,0,0,0,0,0,0,0,0,0,0,0,0,0,0,0,0,0
巨人,2017,實松　一成,右打ち,14,13,8,1,0,0,0,0,0,0,0,0,1,0,2,1,2,6,0
巨人,2017,重信　慎之介,左打ち,74,77,70,18,11,4,0,0,15,2,10,4,1,0,6,0,0,21,0
巨人,2017,篠原　慎平,左打ち,23,0,0,0,0,0,0,0,0,0,0,0,0,0,0,0,0,0,0
巨人,2017,菅野　智之,右打ち,25,63,54,4,9,0,0,0,9,0,0,0,6,0,3,0,0,13,2
巨人,2017,高木　勇人,右打ち,16,5,5,1,1,0,0,0,1,0,0,0,0,0,0,0,0,1,1
巨人,2017,田口　麗斗,左打ち,26,58,47,1,4,0,0,0,4,2,0,0,10,0,1,0,0,18,0
巨人,2017,立岡　宗一郎,左打ち,62,214,197,24,41,3,3,0,50,10,4,5,6,0,11,0,0,43,1
巨人,2017,谷岡　竜平,右打ち,5,0,0,0,0,0,0,0,0,0,0,0,0,0,0,0,0,0,0
巨人,2017,田原　誠次,左打ち,27,0,0,0,0,0,0,0,0,0,0,0,0,0,0,0,0,0,0
巨人,2017,長野　久義,右打ち,134,516,463,52,121,20,3,16,195,46,6,0,1,1,46,2,5,98,17
巨人,2017,辻　東倫,左打ち,18,36,32,3,8,0,0,0,8,1,1,0,0,0,4,0,0,7,1
巨人,2017,寺内　崇幸,右打ち,83,34,25,7,6,3,1,1,14,6,1,0,5,0,3,0,1,8,0
巨人,2017,戸根　千明,左打ち,6,0,0,0,0,0,0,0,0,0,0,0,0,0,0,0,0,0,0
巨人,2017,中井　大介,右打ち,90,254,229,32,57,12,1,5,86,15,2,1,4,1,19,0,1,44,5
巨人,2017,中川　皓太,左打ち,18,1,1,0,0,0,0,0,0,0,0,0,0,0,0,0,0,1,0
巨人,2017,西村　健太朗,右打ち,45,1,1,0,0,0,0,0,0,0,0,0,0,0,0,0,0,1,0
巨人,2017,橋本　到,左打ち,78,139,120,19,32,7,1,1,44,6,3,2,6,1,11,0,1,30,2
巨人,2017,畠　世周,左打ち,13,26,24,0,1,0,0,0,1,1,0,0,1,0,1,0,0,19,1
巨人,2017,マイコラス,右打ち,27,67,64,3,7,2,0,1,12,4,0,0,3,0,0,0,0,37,0
巨人,2017,マギー,右打ち,139,586,523,67,165,48,1,18,269,77,4,1,0,4,58,4,1,107,20
巨人,2017,マシソン,右打ち,59,0,0,0,0,0,0,0,0,0,0,0,0,0,0,0,0,0,0
巨人,2017,宮國　椋丞,右打ち,17,15,14,0,1,0,0,0,1,1,0,0,1,0,0,0,0,5,0
巨人,2017,村田　修一,右打ち,118,424,381,41,100,19,0,14,161,58,0,0,1,2,34,0,6,63,15
巨人,2017,森福　允彦,左打ち,30,0,0,0,0,0,0,0,0,0,0,0,0,0,0,0,0,0,0
巨人,2017,山口　俊,右打ち,4,6,5,0,1,0,0,0,1,0,0,0,0,0,1,0,0,3,0
巨人,2017,山口　鉄也,左打ち,18,0,0,0,0,0,0,0,0,0,0,0,0,0,0,0,0,0,0
巨人,2017,山本　泰寛,右打ち,29,83,66,8,12,2,0,1,17,7,1,0,7,0,9,0,1,18,1
巨人,2017,陽　岱鋼,右打ち,87,381,330,46,87,18,1,9,134,33,4,2,2,1,41,0,7,80,6
巨人,2017,吉川　尚輝,左打ち,5,12,11,1,3,0,0,0,3,0,1,0,1,0,0,0,0,2,0
巨人,2017,吉川　光夫,左打ち,12,9,8,1,1,0,0,0,1,1,0,0,1,0,0,0,0,4,0
巨人,2017,脇谷　亮太,左打ち,52,68,64,7,16,0,0,0,16,0,0,0,1,0,3,0,0,14,2
DeNA,2017,綾部　翔,右打ち,1,1,1,0,0,0,0,0,0,0,0,0,0,0,0,0,0,1,0
DeNA,2017,荒波　翔,左打ち,47,65,62,8,14,5,0,0,19,1,0,0,0,0,2,0,1,16,1
DeNA,2017,飯塚　悟史,左打ち,9,15,13,0,1,0,0,0,1,0,0,0,2,0,0,0,0,11,0
DeNA,2017,石川　雄洋,左打ち,63,192,167,18,41,7,0,2,54,11,1,1,6,3,12,0,4,41,4
DeNA,2017,石田　健大,左打ち,18,44,36,5,6,0,0,0,6,1,0,0,7,0,1,0,0,15,0
DeNA,2017,井納　翔一,右打ち,25,51,45,2,4,0,0,0,4,2,0,0,5,0,1,0,0,24,1
DeNA,2017,今永　昇太,左打ち,24,49,43,2,6,0,0,0,6,0,0,0,4,0,2,0,0,18,0
DeNA,2017,ウィーランド,右打ち,21,54,48,5,11,1,0,3,21,12,0,0,1,0,4,0,1,21,0
DeNA,2017,エスコバー,左打ち,27,2,2,0,0,0,0,0,0,0,0,0,0,0,0,0,0,2,0
DeNA,2017,エリアン,左右打ち,25,62,56,9,14,1,0,1,18,1,0,0,0,0,6,0,0,22,2
DeNA,2017,乙坂　智,左打ち,83,66,63,7,12,3,0,2,21,3,0,0,1,0,1,0,1,13,0
DeNA,2017,尾仲　祐哉,左打ち,11,2,2,0,0,0,0,0,0,0,0,0,0,0,0,0,0,2,0
DeNA,2017,加賀　繁,右打ち,33,0,0,0,0,0,0,0,0,0,0,0,0,0,0,0,0,0,0
DeNA,2017,梶谷　隆幸,左打ち,137,578,511,83,124,27,2,21,218,60,21,3,0,2,62,2,3,157,10
DeNA,2017,クライン,右打ち,7,12,9,0,1,0,0,0,1,2,0,0,3,0,0,0,0,6,0
DeNA,2017,国吉　佑樹,右打ち,4,0,0,0,0,0,0,0,0,0,0,0,0,0,0,0,0,0,0
DeNA,2017,久保　康友,右打ち,7,14,14,0,1,0,0,0,1,0,0,0,0,0,0,0,0,9,0
DeNA,2017,熊原　健人,左打ち,4,4,4,0,0,0,0,0,0,0,0,0,0,0,0,0,0,3,0
DeNA,2017,倉本　寿彦,左打ち,143,539,507,49,133,27,1,2,168,50,3,1,9,1,18,0,4,102,10
DeNA,2017,桑原　将志,右打ち,143,664,598,87,161,38,5,13,248,52,10,11,10,0,45,0,11,116,8
DeNA,2017,Ｇ．後藤　武敏,右打ち,26,29,26,0,3,1,0,0,4,3,0,0,0,0,3,0,0,7,1
DeNA,2017,小林　寛,右打ち,3,0,0,0,0,0,0,0,0,0,0,0,0,0,0,0,0,0,0
DeNA,2017,佐野　恵太,左打ち,18,24,21,1,2,1,0,0,3,1,0,0,0,0,3,0,0,5,0
DeNA,2017,シリアコ,右打ち,12,28,27,1,2,1,0,0,3,0,0,0,0,0,1,0,0,10,0
DeNA,2017,柴田　竜拓,左打ち,88,248,215,25,50,8,0,1,61,11,1,1,11,2,17,0,3,50,2
DeNA,2017,下園　辰哉,左打ち,8,11,10,0,1,0,0,0,1,0,0,0,0,0,1,0,0,2,1
DeNA,2017,白崎　浩之,右打ち,34,55,54,5,10,3,0,0,13,4,0,0,0,0,1,0,0,19,0
DeNA,2017,白根　尚貴,右打ち,12,13,13,2,3,0,0,1,6,2,0,0,0,0,0,0,0,2,0
DeNA,2017,進藤　拓也,右打ち,12,0,0,0,0,0,0,0,0,0,0,0,0,0,0,0,0,0,0
DeNA,2017,須田　幸太,右打ち,23,0,0,0,0,0,0,0,0,0,0,0,0,0,0,0,0,0,0
DeNA,2017,砂田　毅樹,左打ち,62,0,0,0,0,0,0,0,0,0,0,0,0,0,0,0,0,0,0
DeNA,2017,関根　大気,左打ち,29,20,19,4,3,0,0,0,3,1,0,0,0,0,1,0,0,5,0
DeNA,2017,平良　拳太郎,右打ち,4,4,4,0,1,0,0,0,1,0,0,0,0,0,0,0,0,2,0
DeNA,2017,高崎　健太郎,右打ち,1,0,0,0,0,0,0,0,0,0,0,0,0,0,0,0,0,0,0
DeNA,2017,髙城　俊人,右打ち,29,61,56,11,14,0,3,0,20,4,0,1,2,0,3,0,0,15,1
DeNA,2017,田中　健二朗,左打ち,60,0,0,0,0,0,0,0,0,0,0,0,0,0,0,0,0,0,0
DeNA,2017,田中　浩康,右打ち,66,175,154,15,31,3,1,1,39,20,2,0,8,0,11,0,2,25,4
DeNA,2017,筒香　嘉智,左打ち,139,601,503,85,143,31,0,28,258,94,1,0,0,3,93,3,2,115,7
DeNA,2017,戸柱　恭孝,左打ち,112,363,336,25,72,13,0,9,112,52,0,0,6,2,19,0,0,59,9
DeNA,2017,西森　将司,左右打ち,8,3,3,2,0,0,0,0,0,0,0,0,0,0,0,0,0,3,0
DeNA,2017,パットン,右打ち,62,0,0,0,0,0,0,0,0,0,0,0,0,0,0,0,0,0,0
DeNA,2017,濵口　遥大,左打ち,22,40,34,1,2,0,0,0,2,0,0,0,5,0,1,0,0,19,0
DeNA,2017,飛雄馬,右打ち,3,5,5,0,0,0,0,0,0,1,0,0,0,0,0,0,0,0,0
DeNA,2017,平田　真吾,右打ち,33,0,0,0,0,0,0,0,0,0,0,0,0,0,0,0,0,0,0
DeNA,2017,藤岡　好明,左打ち,6,0,0,0,0,0,0,0,0,0,0,0,0,0,0,0,0,0,0
DeNA,2017,細川　成也,右打ち,2,6,5,2,2,0,0,2,8,4,0,0,0,0,1,0,0,3,0
DeNA,2017,松本　啓二朗,左打ち,13,14,12,1,3,0,0,0,3,0,0,0,0,0,0,0,2,2,0
DeNA,2017,三上　朋也,右打ち,61,0,0,0,0,0,0,0,0,0,0,0,0,0,0,0,0,0,0
DeNA,2017,三嶋　一輝,左右打ち,16,1,1,0,0,0,0,0,0,0,0,0,0,0,0,0,0,0,0
DeNA,2017,水野　滉也,右打ち,1,2,2,0,0,0,0,0,0,0,0,0,0,0,0,0,0,1,0
DeNA,2017,嶺井　博希,右打ち,52,135,121,14,30,3,1,3,44,12,0,0,4,0,4,0,6,35,3
DeNA,2017,宮﨑　敏郎,右打ち,128,523,480,53,155,28,1,15,230,62,0,0,0,1,38,1,4,47,23
DeNA,2017,山﨑　康晃,右打ち,68,0,0,0,0,0,0,0,0,0,0,0,0,0,0,0,0,0,0
DeNA,2017,山下　幸輝,左打ち,21,21,21,3,3,2,0,0,5,0,0,0,0,0,0,0,0,6,0
DeNA,2017,ロペス,右打ち,142,606,569,72,171,42,0,30,303,105,0,0,0,8,27,0,2,80,14
阪神,2017,青柳　晃洋,右打ち,12,22,21,0,2,1,0,0,3,2,0,0,1,0,0,0,0,7,0
阪神,2017,秋山　拓巳,左打ち,25,56,48,3,8,1,0,1,12,3,0,0,6,0,2,0,0,20,0
阪神,2017,新井　良太,右打ち,17,17,16,1,1,0,0,0,1,0,0,0,0,0,1,0,0,3,0
阪神,2017,荒木　郁也,左打ち,49,22,17,5,2,0,0,0,2,0,4,0,3,0,2,0,0,7,0
阪神,2017,安藤　優也,右打ち,1,0,0,0,0,0,0,0,0,0,0,0,0,0,0,0,0,0,0
阪神,2017,石崎　剛,右打ち,26,0,0,0,0,0,0,0,0,0,0,0,0,0,0,0,0,0,0
阪神,2017,板山　祐太郎,左打ち,3,3,3,0,0,0,0,0,0,0,0,0,0,0,0,0,0,3,0
阪神,2017,糸井　嘉男,左打ち,114,493,427,60,124,16,0,17,191,62,21,6,0,2,59,0,5,62,12
阪神,2017,伊藤　和雄,右打ち,9,0,0,0,0,0,0,0,0,0,0,0,0,0,0,0,0,0,0
阪神,2017,伊藤　隼太,左打ち,73,73,69,9,18,2,0,2,26,9,0,1,0,0,4,0,0,16,1
阪神,2017,糸原　健斗,左打ち,66,193,162,18,42,13,0,1,58,24,1,0,5,0,23,0,3,26,1
阪神,2017,岩崎　優,左打ち,66,0,0,0,0,0,0,0,0,0,0,0,0,0,0,0,0,0,0
阪神,2017,岩貞　祐太,左打ち,18,27,22,2,2,0,0,0,2,0,0,0,5,0,0,0,0,11,0
阪神,2017,岩田　稔,左打ち,10,21,19,2,1,0,0,0,1,0,0,0,0,0,2,0,0,9,0
阪神,2017,植田　海,左右打ち,13,22,18,5,5,0,0,0,5,0,1,1,3,0,1,0,0,6,0
阪神,2017,上本　博紀,右打ち,125,488,409,57,116,20,1,9,165,38,16,1,23,2,50,0,4,71,7
阪神,2017,梅野　隆太郎,右打ち,112,340,282,22,58,9,2,2,77,33,1,0,27,3,24,2,4,63,3
阪神,2017,江越　大賀,右打ち,28,18,13,3,1,0,0,0,1,0,1,0,0,0,3,0,2,5,0
阪神,2017,榎田　大樹,左打ち,3,1,1,0,1,0,0,0,1,0,0,0,0,0,0,0,0,0,0
阪神,2017,大山　悠輔,右打ち,75,221,198,25,47,10,2,7,82,38,2,2,1,1,18,0,3,41,4
阪神,2017,岡﨑　太一,右打ち,34,54,41,4,8,0,0,2,14,5,0,0,7,0,5,1,1,12,0
阪神,2017,小野　泰己,右打ち,15,24,19,0,1,0,0,0,1,0,0,0,4,0,1,0,0,7,0
阪神,2017,狩野　恵輔,右打ち,5,5,5,0,0,0,0,0,0,0,0,0,0,0,0,0,0,2,1
阪神,2017,キャンベル,右打ち,21,54,47,5,9,2,0,1,14,5,0,0,0,0,7,0,0,17,2
阪神,2017,桑原　謙太朗,右打ち,67,0,0,0,0,0,0,0,0,0,0,0,0,0,0,0,0,0,0
阪神,2017,才木　浩人,右打ち,2,0,0,0,0,0,0,0,0,0,0,0,0,0,0,0,0,0,0
阪神,2017,坂本　誠志郎,右打ち,42,132,113,13,28,5,0,2,39,17,0,0,3,0,15,1,1,32,1
阪神,2017,俊介,右打ち,74,202,191,26,59,15,1,4,88,23,1,0,2,0,9,0,0,33,1
阪神,2017,髙橋　聡文,左打ち,61,0,0,0,0,0,0,0,0,0,0,0,0,0,0,0,0,0,0
阪神,2017,髙山　俊,左打ち,103,353,328,40,82,15,3,6,121,24,6,3,0,1,21,0,3,77,3
阪神,2017,竹安　大知,右打ち,1,0,0,0,0,0,0,0,0,0,0,0,0,0,0,0,0,0,0
阪神,2017,ドリス,右打ち,63,0,0,0,0,0,0,0,0,0,0,0,0,0,0,0,0,0,0
阪神,2017,鳥谷　敬,左打ち,143,570,488,57,143,23,3,4,184,41,8,7,1,2,77,3,2,62,13
阪神,2017,長坂　拳弥,右打ち,1,0,0,0,0,0,0,0,0,0,0,0,0,0,0,0,0,0,0
阪神,2017,中谷　将大,右打ち,133,455,411,64,99,21,1,20,182,61,2,1,0,3,36,2,5,96,5
阪神,2017,西岡　剛,左右打ち,32,100,92,6,21,4,0,0,25,5,3,2,0,0,7,0,1,17,0
阪神,2017,能見　篤史,左打ち,23,39,33,4,4,1,0,0,5,0,0,0,2,0,4,0,0,15,0
阪神,2017,原口　文仁,右打ち,73,216,186,16,42,12,0,6,72,25,0,0,1,2,22,0,5,36,10
阪神,2017,福留　孝介,左打ち,127,526,441,68,116,20,3,18,196,79,1,2,1,4,77,1,3,92,17
阪神,2017,福永　春吾,左打ち,1,1,1,0,0,0,0,0,0,0,0,0,0,0,0,0,0,1,0
阪神,2017,藤川　球児,左打ち,52,1,1,0,0,0,0,0,0,0,0,0,0,0,0,0,0,1,0
阪神,2017,藤浪　晋太郎,右打ち,11,21,17,1,1,0,0,0,1,1,0,0,2,0,2,0,0,13,0
阪神,2017,北條　史也,右打ち,83,252,219,26,46,7,2,3,66,20,0,0,7,2,23,0,1,42,4
阪神,2017,マテオ,右打ち,63,0,0,0,0,0,0,0,0,0,0,0,0,0,0,0,0,0,0
阪神,2017,松田　遼馬,右打ち,26,2,2,0,0,0,0,0,0,0,0,0,0,0,0,0,0,2,0
阪神,2017,メッセンジャー,右打ち,22,50,44,3,6,1,0,1,10,2,0,0,6,0,0,0,0,17,0
阪神,2017,メンデス,右打ち,8,0,0,0,0,0,0,0,0,0,0,0,0,0,0,0,0,0,0
阪神,2017,メンドーサ,右打ち,4,6,5,0,0,0,0,0,0,1,0,0,0,1,0,0,0,2,0
阪神,2017,森越　祐人,右打ち,29,27,23,3,3,2,0,0,5,1,0,0,2,0,2,0,0,10,1
阪神,2017,守屋　功輝,右打ち,1,0,0,0,0,0,0,0,0,0,0,0,0,0,0,0,0,0,0
阪神,2017,柳瀬　明宏,右打ち,2,0,0,0,0,0,0,0,0,0,0,0,0,0,0,0,0,0,0
阪神,2017,大和,左右打ち,100,252,232,25,65,6,0,1,74,16,2,3,1,1,18,0,0,37,5
阪神,2017,山本　翔也,左打ち,6,0,0,0,0,0,0,0,0,0,0,0,0,0,0,0,0,0,0
阪神,2017,陽川　尚将,右打ち,12,19,18,1,3,0,0,1,6,1,0,0,0,0,1,0,0,8,0
阪神,2017,横山　雄哉,左打ち,1,2,2,0,0,0,0,0,0,0,0,0,0,0,0,0,0,1,0
阪神,2017,ロジャース,右打ち,40,140,123,15,31,7,0,5,53,23,0,0,0,2,15,0,0,26,6
ヤクルト,2017,秋吉　亮,右打ち,43,0,0,0,0,0,0,0,0,0,0,0,0,0,0,0,0,0,0
ヤクルト,2017,荒木　貴裕,右打ち,91,212,188,22,39,8,2,6,69,25,2,0,7,0,14,0,3,30,7
ヤクルト,2017,飯原　誉士,右打ち,17,18,16,2,3,0,0,0,3,0,0,0,0,0,2,0,0,2,0
ヤクルト,2017,石川　雅規,左打ち,23,36,29,0,1,0,0,0,1,2,0,0,7,0,0,0,0,11,0
ヤクルト,2017,石山　泰稚,右打ち,66,0,0,0,0,0,0,0,0,0,0,0,0,0,0,0,0,0,0
ヤクルト,2017,井野　卓,右打ち,7,13,12,3,2,0,0,0,2,1,0,0,1,0,0,0,0,2,0
ヤクルト,2017,今浪　隆博,左打ち,7,17,15,1,4,1,1,0,7,2,0,0,1,0,1,0,0,0,0
ヤクルト,2017,岩橋　慶侍,左打ち,2,3,3,0,1,0,0,0,1,0,0,0,0,0,0,0,0,2,0
ヤクルト,2017,上田　剛史,左打ち,100,188,167,18,39,1,5,0,50,11,6,3,8,3,8,0,2,26,0
ヤクルト,2017,鵜久森　淳志,右打ち,45,91,86,6,18,5,1,1,28,7,1,0,0,0,5,0,0,15,1
ヤクルト,2017,梅野　雄吾,右打ち,2,2,2,0,0,0,0,0,0,0,0,0,0,0,0,0,0,1,0
ヤクルト,2017,榎本　葵,左打ち,9,8,7,3,1,0,0,0,1,0,0,0,0,0,1,0,0,4,0
ヤクルト,2017,オーレンドルフ,右打ち,4,6,6,0,0,0,0,0,0,0,0,0,0,0,0,0,0,5,0
ヤクルト,2017,大引　啓次,右打ち,80,311,273,25,62,11,0,5,88,29,3,0,10,0,27,0,1,43,8
ヤクルト,2017,大松　尚逸,左打ち,94,143,130,5,21,3,0,3,33,16,0,0,0,0,13,0,0,27,5
ヤクルト,2017,小川　泰弘,右打ち,22,46,38,2,4,0,0,0,4,2,0,0,6,0,2,0,0,20,0
ヤクルト,2017,奥村　展征,左打ち,44,125,113,12,27,4,0,0,31,5,1,1,1,1,9,0,1,33,3
ヤクルト,2017,風張　蓮,右打ち,3,0,0,0,0,0,0,0,0,0,0,0,0,0,0,0,0,0,0
ヤクルト,2017,ギルメット,右打ち,28,10,7,1,1,0,0,0,1,0,0,0,3,0,0,0,0,5,0
ヤクルト,2017,菊沢　竜佑,右打ち,2,0,0,0,0,0,0,0,0,0,0,0,0,0,0,0,0,0,0
ヤクルト,2017,久古　健太郎,左打ち,6,0,0,0,0,0,0,0,0,0,0,0,0,0,0,0,0,0,0
ヤクルト,2017,グリーン,左打ち,25,81,72,5,14,2,0,2,22,8,0,0,0,0,7,0,2,17,2
ヤクルト,2017,近藤　一樹,右打ち,54,0,0,0,0,0,0,0,0,0,0,0,0,0,0,0,0,0,0
ヤクルト,2017,坂口　智隆,左打ち,136,607,535,51,155,16,2,4,187,38,4,3,5,3,59,2,5,76,6
ヤクルト,2017,杉浦　稔大,右打ち,5,0,0,0,0,0,0,0,0,0,0,0,0,0,0,0,0,0,0
ヤクルト,2017,武内　晋一,左打ち,66,104,93,4,19,0,0,0,19,5,0,1,1,0,8,1,0,15,4
ヤクルト,2017,館山　昌平,右打ち,2,1,1,0,0,0,0,0,0,0,0,0,0,0,0,0,0,0,0
ヤクルト,2017,寺島　成輝,左打ち,1,1,1,0,0,0,0,0,0,0,0,0,0,0,0,0,0,1,0
ヤクルト,2017,土肥　寛昌,左右打ち,4,0,0,0,0,0,0,0,0,0,0,0,0,0,0,0,0,0,0
ヤクルト,2017,中尾　輝,左打ち,2,0,0,0,0,0,0,0,0,0,0,0,0,0,0,0,0,0,0
ヤクルト,2017,中澤　雅人,左打ち,28,0,0,0,0,0,0,0,0,0,0,0,0,0,0,0,0,0,0
ヤクルト,2017,中島　彰吾,右打ち,2,0,0,0,0,0,0,0,0,0,0,0,0,0,0,0,0,0,0
ヤクルト,2017,中村　悠平,右打ち,127,486,419,42,102,14,4,4,136,34,2,1,11,4,42,0,10,65,14
ヤクルト,2017,成瀬　善久,左打ち,12,1,0,0,0,0,0,0,0,0,0,0,1,0,0,0,0,0,0
ヤクルト,2017,西浦　直亨,右打ち,72,171,144,9,30,6,0,0,36,8,3,0,8,2,16,1,1,31,5
ヤクルト,2017,西田　明央,右打ち,37,86,73,4,10,3,0,1,16,7,1,0,0,1,11,0,1,20,2
ヤクルト,2017,バレンティン,右打ち,125,519,445,60,113,14,1,32,225,80,0,1,0,1,70,0,3,112,18
ヤクルト,2017,畠山　和洋,右打ち,15,62,52,6,11,3,0,2,20,4,0,0,0,0,8,0,2,13,2
ヤクルト,2017,原　樹理,右打ち,26,36,33,2,7,1,0,0,8,1,0,0,3,0,0,0,0,12,0
ヤクルト,2017,比屋根　渉,右打ち,35,24,23,5,5,1,0,0,6,0,0,1,0,0,1,0,0,8,0
ヤクルト,2017,平井　諒,右打ち,4,0,0,0,0,0,0,0,0,0,0,0,0,0,0,0,0,0,0
ヤクルト,2017,廣岡　大志,右打ち,11,31,28,6,7,1,0,0,8,1,0,0,0,0,2,0,1,11,1
ヤクルト,2017,ブキャナン,右打ち,25,47,41,2,4,1,0,0,5,0,0,0,4,0,2,0,0,24,1
ヤクルト,2017,藤井　亮太,左打ち,97,309,292,20,75,3,0,2,84,12,5,3,6,1,9,0,1,56,6
ヤクルト,2017,星　知弥,右打ち,24,32,27,0,2,0,0,0,2,0,0,0,4,0,0,0,0,22,0
ヤクルト,2017,星野　雄大,右打ち,1,0,0,0,0,0,0,0,0,0,0,0,0,0,0,0,0,0,0
ヤクルト,2017,松岡　健一,右打ち,37,0,0,0,0,0,0,0,0,0,0,0,0,0,0,0,0,0,0
ヤクルト,2017,三輪　正義,左打ち,16,6,4,0,0,0,0,0,0,0,0,0,2,0,0,0,0,0,0
ヤクルト,2017,村中　恭兵,左打ち,13,0,0,0,0,0,0,0,0,0,0,0,0,0,0,0,0,0,0
ヤクルト,2017,屋宜　照悟,左打ち,2,0,0,0,0,0,0,0,0,0,0,0,0,0,0,0,0,0,0
ヤクルト,2017,谷内　亮太,右打ち,42,104,91,6,18,2,0,0,20,7,0,0,4,0,9,0,0,19,3
ヤクルト,2017,山崎　晃大朗,左打ち,59,246,219,30,53,10,2,1,70,13,6,5,9,0,18,0,0,44,3
ヤクルト,2017,山田　哲人,右打ち,143,624,526,79,130,25,1,24,229,78,14,4,0,1,91,1,6,132,15
ヤクルト,2017,山中　浩史,右打ち,13,24,18,0,0,0,0,0,0,0,0,0,6,0,0,0,0,5,0
ヤクルト,2017,山本　哲哉,右打ち,32,1,1,0,0,0,0,0,0,0,0,0,0,0,0,0,0,1,0
ヤクルト,2017,雄平,左打ち,71,300,281,29,86,21,0,2,113,32,2,3,0,2,12,0,5,42,5
ヤクルト,2017,由規,左打ち,10,16,15,1,1,0,0,0,1,0,0,0,1,0,0,0,0,8,0
ヤクルト,2017,リベロ,右打ち,54,208,200,12,43,10,0,6,71,21,0,0,0,1,7,0,0,52,5
ヤクルト,2017,ルーキ,右打ち,61,0,0,0,0,0,0,0,0,0,0,0,0,0,0,0,0,0,0
ヤクルト,2017,渡邉　大樹,右打ち,2,2,2,0,0,0,0,0,0,0,0,0,0,0,0,0,0,1,0
中日,2017,アラウホ,左打ち,6,0,0,0,0,0,0,0,0,0,0,0,0,0,0,0,0,0,0
中日,2017,浅尾　拓也,右打ち,4,0,0,0,0,0,0,0,0,0,0,0,0,0,0,0,0,0,0
中日,2017,阿知羅　拓馬,右打ち,4,2,2,0,0,0,0,0,0,0,0,0,0,0,0,0,0,1,0
中日,2017,阿部　寿樹,右打ち,21,46,41,3,11,1,0,0,12,2,1,0,1,0,4,0,0,13,0
中日,2017,荒木　雅博,右打ち,85,267,249,17,62,6,1,0,70,8,5,0,5,0,13,0,0,41,8
中日,2017,石岡　諒太,左打ち,2,4,4,0,0,0,0,0,0,0,0,0,0,0,0,0,0,1,0
中日,2017,石垣　雅海,右打ち,1,3,3,0,0,0,0,0,0,0,0,0,0,0,0,0,0,3,0
中日,2017,石川　駿,右打ち,9,17,17,1,6,0,0,1,9,1,0,0,0,0,0,0,0,5,0
中日,2017,伊藤　準規,左打ち,39,9,8,0,1,0,0,0,1,1,0,0,1,0,0,0,0,2,1
中日,2017,井領　雅貴,左打ち,22,34,32,2,7,2,0,0,9,3,0,0,0,0,2,0,0,6,0
中日,2017,岩﨑　達郎,右打ち,1,1,1,0,0,0,0,0,0,0,0,0,0,0,0,0,0,1,0
中日,2017,岩瀬　仁紀,左打ち,50,0,0,0,0,0,0,0,0,0,0,0,0,0,0,0,0,0,0
中日,2017,遠藤　一星,左打ち,50,109,102,4,23,3,1,2,34,11,2,1,2,0,4,0,1,28,1
中日,2017,大島　洋平,左打ち,119,521,476,50,149,20,3,3,184,29,23,6,1,3,37,0,4,66,5
中日,2017,大野　雄大,左打ち,24,48,40,0,0,0,0,0,0,1,0,0,8,0,0,0,0,24,0
中日,2017,小笠原　慎之介,左打ち,22,37,33,2,1,0,0,0,1,1,0,0,2,0,2,0,0,26,0
中日,2017,岡田　俊哉,左打ち,9,0,0,0,0,0,0,0,0,0,0,0,0,0,0,0,0,0,0
中日,2017,小川　龍也,左打ち,18,0,0,0,0,0,0,0,0,0,0,0,0,0,0,0,0,0,0
中日,2017,小熊　凌祐,右打ち,4,5,4,1,1,0,0,0,1,0,0,0,1,0,0,0,0,2,0
中日,2017,笠原　祥太郎,左打ち,18,9,7,0,1,0,0,0,1,0,0,0,2,0,0,0,0,2,0
中日,2017,加藤　匠馬,右打ち,1,1,1,0,0,0,0,0,0,0,0,0,0,0,0,0,0,0,0
中日,2017,亀澤　恭平,左打ち,98,290,254,31,73,5,0,2,84,13,6,6,18,2,13,0,3,30,1
中日,2017,木下　拓哉,右打ち,51,94,78,4,15,5,0,0,20,4,0,0,4,1,10,1,1,21,4
中日,2017,京田　陽太,左打ち,141,602,564,67,149,23,8,4,200,36,23,13,10,1,18,0,9,105,5
中日,2017,工藤　隆人,左打ち,82,58,51,12,12,1,0,0,13,0,3,1,4,0,3,1,0,13,1
中日,2017,ゲレーロ,右打ち,130,510,469,67,131,22,3,35,264,86,1,0,0,2,24,0,15,98,13
中日,2017,近藤　弘基,右打ち,14,33,29,5,6,1,0,1,10,1,0,0,1,0,3,0,0,7,1
中日,2017,佐藤　優,左打ち,13,0,0,0,0,0,0,0,0,0,0,0,0,0,0,0,0,0,0
中日,2017,ジョーダン,左打ち,18,23,21,0,1,0,0,0,1,0,0,0,2,0,0,0,0,10,0
中日,2017,杉山　翔大,右打ち,39,83,66,1,6,0,0,0,6,1,0,0,5,1,9,1,2,16,1
中日,2017,鈴木　翔太,右打ち,15,20,18,0,1,0,0,0,1,1,0,0,2,0,0,0,0,15,0
中日,2017,祖父江　大輔,左打ち,35,0,0,0,0,0,0,0,0,0,0,0,0,0,0,0,0,0,0
中日,2017,高橋　周平,左打ち,41,148,129,12,30,6,0,2,42,10,0,2,1,3,15,0,0,31,3
中日,2017,武山　真吾,右打ち,50,76,66,2,15,1,0,1,19,7,0,0,2,0,7,0,1,21,3
中日,2017,田島　慎二,右打ち,63,1,1,0,0,0,0,0,0,0,0,0,0,0,0,0,0,1,0
中日,2017,谷　哲也,右打ち,53,100,92,9,20,3,0,2,29,11,0,1,2,1,5,0,0,23,0
中日,2017,谷元　圭介,右打ち,18,0,0,0,0,0,0,0,0,0,0,0,0,0,0,0,0,0,0
中日,2017,堂上　直倫,右打ち,91,167,151,11,31,7,0,1,41,8,0,1,7,0,9,0,0,39,4
中日,2017,友永　翔太,左打ち,5,17,16,0,4,2,0,0,6,2,0,1,0,0,0,0,1,4,0
中日,2017,野本　圭,左打ち,15,35,35,3,7,2,0,0,9,0,0,0,0,0,0,0,0,5,2
中日,2017,バルデス,左打ち,23,48,44,1,5,1,0,1,9,5,0,0,3,0,1,0,0,17,0
中日,2017,ビシエド,右打ち,87,367,332,43,83,11,1,18,150,49,4,0,0,1,29,0,5,52,10
中日,2017,平田　良介,右打ち,66,270,238,26,58,14,2,6,94,29,4,0,0,2,29,0,1,60,4
中日,2017,福　敬登,左打ち,5,0,0,0,0,0,0,0,0,0,0,0,0,0,0,0,0,0,0
中日,2017,福田　永将,右打ち,95,326,299,37,81,19,0,18,154,49,0,1,0,1,21,0,5,70,4
中日,2017,福谷　浩司,右打ち,25,0,0,0,0,0,0,0,0,0,0,0,0,0,0,0,0,0,0
中日,2017,藤井　淳志,左右打ち,128,408,374,29,99,18,3,6,141,42,5,6,6,2,24,0,2,96,6
中日,2017,又吉　克樹,右打ち,50,21,20,0,1,0,0,0,1,1,0,0,1,0,0,0,0,13,1
中日,2017,松井　雅人,左打ち,87,244,208,22,46,7,1,2,61,17,0,0,10,1,22,0,3,63,3
中日,2017,松井　佑介,右打ち,56,129,119,17,33,7,0,4,52,18,0,0,1,0,6,1,3,38,2
中日,2017,丸山　泰資,右打ち,8,1,1,0,0,0,0,0,0,0,0,0,0,0,0,0,0,1,0
中日,2017,溝脇　隼人,左打ち,12,16,14,1,1,0,0,1,4,1,0,0,0,0,2,0,0,5,1
中日,2017,三ツ間　卓也,右打ち,35,3,2,1,0,0,0,0,0,0,0,0,0,0,1,0,0,2,0
中日,2017,三ツ俣　大樹,右打ち,8,1,1,0,0,0,0,0,0,0,0,1,0,0,0,0,0,0,0
中日,2017,森野　将彦,左打ち,22,48,41,4,10,2,0,0,12,1,0,1,2,0,5,0,0,3,1
中日,2017,八木　智哉,左打ち,3,3,2,0,0,0,0,0,0,0,0,0,1,0,0,0,0,2,0
中日,2017,柳　裕也,右打ち,11,12,10,0,1,0,0,0,1,1,0,0,1,0,1,0,0,4,0
中日,2017,山井　大介,右打ち,2,5,3,2,2,1,0,1,6,1,0,0,2,0,0,0,0,1,0
中日,2017,吉見　一起,右打ち,14,24,18,0,0,0,0,0,0,0,0,0,6,0,0,0,0,10,0
中日,2017,ロンドン,右打ち,4,0,0,0,0,0,0,0,0,0,0,0,0,0,0,0,0,0,0
中日,2017,若松　駿太,右打ち,7,10,8,0,0,0,0,0,0,0,0,0,1,0,1,0,0,6,1
